Workbook

Sheet OP1_by_run
A1: scenario_id | B1: scenario | C1: occupancy_percent | D1: seed | E1: t_OP1 | F1: OP1_zone | G1: dv_at_OP1 | H1: dv_star | I1: dv_max | J1: OP1_duration_bins
A2: A_100_seed1 | B2: A | C2: 100 | D2: 1 | E2: 13 | F2: Z01 | G2: 0.22159422 | H2: 0.2153096 | I2: 0.24953835 | J2: 3
A3: A_100_seed2 | B3: A | C3: 100 | D3: 2 | E3: 11 | F3: Z04 | G3: 0.31223211 | H3: 0.23588306 | I3: 0.31223211 | J3: 5
A4: A_100_seed3 | B4: A | C4: 100 | D4: 3 | E4: 11 | F4: Z04 | G4: 0.30097176 | H4: 0.23588306 | I4: 0.30097176 | J4: 1
A5: A_100_seed4 | B5: A | C5: 100 | D5: 4 | E5: 13 | F5: Z05 | G5: 0.38118762 | H5: 0.3667309 | I5: 0.42507922 | J5: 9
A6: A_100_seed5 | B6: A | C6: 100 | D6: 5 | E6: 10 | F6: Z07 | G6: 0.31472048 | H6: 0.29015214 | I6: 0.31967757 | J6: 2
A7: A_50_seed1 | B7: A | C7: 50 | D7: 1 | E7: 14 | F7: Z07 | G7: 0.36505342 | H7: 0.29015214 | I7: 0.36505342 | J7: 2
A8: A_50_seed2 | B8: A | C8: 50 | D8: 2 | E8: 14 | F8: Z07 | G8: 0.33208433 | H8: 0.29015214 | I8: 0.33208433 | J8: 3
A9: A_50_seed3 | B9: A | C9: 50 | D9: 3 | E9: 12 | F9: Z05 | G9: 0.36854374 | H9: 0.3667309 | I9: 0.36854374 | J9: 1
A10: A_50_seed4 | B10: A | C10: 50 | D10: 4 | E10: 15 | F10: Z04 | G10: 0.24560583 | H10: 0.23588306 | I10: 0.2993735 | J10: 3
A11: A_50_seed5 | B11: A | C11: 50 | D11: 5 | E11: 15 | F11: Z04 | G11: 0.32914435 | H11: 0.23588306 | I11: 0.32914435 | J11: 5
A12: A_75_seed1 | B12: A | C12: 75 | D12: 1 | E12: 12 | F12: Z07 | G12: 0.31705678 | H12: 0.29015214 | I12: 0.35793992 | J12: 3
A13: A_75_seed2 | B13: A | C13: 75 | D13: 2 | E13: 11 | F13: Z07 | G13: 0.34240327 | H13: 0.29015214 | I13: 0.34240327 | J13: 1
... A31: B_75_seed5 | B31: B | C31: 75 | D31: 5 | E31: 31 | F31: Z07 | G31: 0.29171219 | H31: 0.29015214 | I31: 0.37058696 | J31: 7

Sheet condition_summary
A1: scenario | B1: occupancy_percent | C1: n_runs | D1: t_OP1_mean | E1: t_OP1_std | F1: dv_max_mean | G1: dv_max_std | H1: OP1_duration_bins_mean | I1: OP1_duration_bins_std | J1: n_detected
A2: A | B2: 100 | C2: 5 | D2: =IFERROR(AVERAGE(OP1_by_run!E2,OP1_by_run!E3,OP1_by_run!E4,OP1_by_run!E5,OP1_by_run!E6),"") -> 11.6 | E2: =IFERROR(STDEV(OP1_by_run!E2,OP1_by_run!E3,OP1_by_run!E4,OP1_by_run!E5,OP1_by_run!E6),"") -> 1.3416408 | F2: =IFERROR(AVERAGE(OP1_by_run!I2,OP1_by_run!I3,OP1_by_run!I4,OP1_by_run!I5,OP1_by_run!I6),"") -> 0.3214998 | G2: =IFERROR(STDEV(OP1_by_run!I2,OP1_by_run!I3,OP1_by_run!I4,OP1_by_run!I5,OP1_by_run!I6),"") -> 0.064065901 | H2: =IFERROR(AVERAGE(OP1_by_run!J2,OP1_by_run!J3,OP1_by_run!J4,OP1_by_run!J5,OP1_by_run!J6),"") -> 4 | I2: =IFERROR(STDEV(OP1_by_run!J2,OP1_by_run!J3,OP1_by_run!J4,OP1_by_run!J5,OP1_by_run!J6),"") -> 3.1622777 | J2: =COUNT(OP1_by_run!E2,OP1_by_run!E3,OP1_by_run!E4,OP1_by_run!E5,OP1_by_run!E6) -> 5
A3: A | B3: 75 | C3: 5 | D3: =IFERROR(AVERAGE(OP1_by_run!E12,OP1_by_run!E13,OP1_by_run!E14,OP1_by_run!E15,OP1_by_run!E16),"") -> 11.2 | E3: =IFERROR(STDEV(OP1_by_run!E12,OP1_by_run!E13,OP1_by_run!E14,OP1_by_run!E15,OP1_by_run!E16),"") -> 0.83666003 | F3: =IFERROR(AVERAGE(OP1_by_run!I12,OP1_by_run!I13,OP1_by_run!I14,OP1_by_run!I15,OP1_by_run!I16),"") -> 0.32852371 | G3: =IFERROR(STDEV(OP1_by_run!I12,OP1_by_run!I13,OP1_by_run!I14,OP1_by_run!I15,OP1_by_run!I16),"") -> 0.051145974 | H3: =IFERROR(AVERAGE(OP1_by_run!J12,OP1_by_run!J13,OP1_by_run!J14,OP1_by_run!J15,OP1_by_run!J16),"") -> 3.4 | I3: =IFERROR(STDEV(OP1_by_run!J12,OP1_by_run!J13,OP1_by_run!J14,OP1_by_run!J15,OP1_by_run!J16),"") -> 3.7815341 | J3: =COUNT(OP1_by_run!E12,OP1_by_run!E13,OP1_by_run!E14,OP1_by_run!E15,OP1_by_run!E16) -> 5
A4: A | B4: 50 | C4: 5 | D4: =IFERROR(AVERAGE(OP1_by_run!E7,OP1_by_run!E8,OP1_by_run!E9,OP1_by_run!E10,OP1_by_run!E11),"") -> 14 | E4: =IFERROR(STDEV(OP1_by_run!E7,OP1_by_run!E8,OP1_by_run!E9,OP1_by_run!E10,OP1_by_run!E11),"") -> 1.2247449 | F4: =IFERROR(AVERAGE(OP1_by_run!I7,OP1_by_run!I8,OP1_by_run!I9,OP1_by_run!I10,OP1_by_run!I11),"") -> 0.33883987 | G4: =IFERROR(STDEV(OP1_by_run!I7,OP1_by_run!I8,OP1_by_run!I9,OP1_by_run!I10,OP1_by_run!I11),"") -> 0.02857755 | H4: =IFERROR(AVERAGE(OP1_by_run!J7,OP1_by_run!J8,OP1_by_run!J9,OP1_by_run!J10,OP1_by_run!J11),"") -> 2.8 | I4: =IFERROR(STDEV(OP1_by_run!J7,OP1_by_run!J8,OP1_by_run!J9,OP1_by_run!J10,OP1_by_run!J11),"") -> 1.4832397 | J4: =COUNT(OP1_by_run!E7,OP1_by_run!E8,OP1_by_run!E9,OP1_by_run!E10,OP1_by_run!E11) -> 5
A5: B | B5: 100 | C5: 5 | D5: =IFERROR(AVERAGE(OP1_by_run!E17,OP1_by_run!E18,OP1_by_run!E19,OP1_by_run!E20,OP1_by_run!E21),"") -> 33.8 | E5: =IFERROR(STDEV(OP1_by_run!E17,OP1_by_run!E18,OP1_by_run!E19,OP1_by_run!E20,OP1_by_run!E21),"") -> 8.4083292 | F5: =IFERROR(AVERAGE(OP1_by_run!I17,OP1_by_run!I18,OP1_by_run!I19,OP1_by_run!I20,OP1_by_run!I21),"") -> 0.3382502 | G5: =IFERROR(STDEV(OP1_by_run!I17,OP1_by_run!I18,OP1_by_run!I19,OP1_by_run!I20,OP1_by_run!I21),"") -> 0.10983668 | H5: =IFERROR(AVERAGE(OP1_by_run!J17,OP1_by_run!J18,OP1_by_run!J19,OP1_by_run!J20,OP1_by_run!J21),"") -> 5 | I5: =IFERROR(STDEV(OP1_by_run!J17,OP1_by_run!J18,OP1_by_run!J19,OP1_by_run!J20,OP1_by_run!J21),"") -> 6.2849025 | J5: =COUNT(OP1_by_run!E17,OP1_by_run!E18,OP1_by_run!E19,OP1_by_run!E20,OP1_by_run!E21) -> 5
A6: B | B6: 75 | C6: 5 | D6: =IFERROR(AVERAGE(OP1_by_run!E27,OP1_by_run!E28,OP1_by_run!E29,OP1_by_run!E30,OP1_by_run!E31),"") -> 32.4 | E6: =IFERROR(STDEV(OP1_by_run!E27,OP1_by_run!E28,OP1_by_run!E29,OP1_by_run!E30,OP1_by_run!E31),"") -> 4.8270074 | F6: =IFERROR(AVERAGE(OP1_by_run!I27,OP1_by_run!I28,OP1_by_run!I29,OP1_by_run!I30,OP1_by_run!I31),"") -> 0.32645634 | G6: =IFERROR(STDEV(OP1_by_run!I27,OP1_by_run!I28,OP1_by_run!I29,OP1_by_run!I30,OP1_by_run!I31),"") -> 0.028479989 | H6: =IFERROR(AVERAGE(OP1_by_run!J27,OP1_by_run!J28,OP1_by_run!J29,OP1_by_run!J30,OP1_by_run!J31),"") -> 4.6 | I6: =IFERROR(STDEV(OP1_by_run!J27,OP1_by_run!J28,OP1_by_run!J29,OP1_by_run!J30,OP1_by_run!J31),"") -> 3.7815341 | J6: =COUNT(OP1_by_run!E27,OP1_by_run!E28,OP1_by_run!E29,OP1_by_run!E30,OP1_by_run!E31) -> 5
A7: B | B7: 50 | C7: 5 | D7: =IFERROR(AVERAGE(OP1_by_run!E22,OP1_by_run!E23,OP1_by_run!E24,OP1_by_run!E25,OP1_by_run!E26),"") -> 36.6 | E7: =IFERROR(STDEV(OP1_by_run!E22,OP1_by_run!E23,OP1_by_run!E24,OP1_by_run!E25,OP1_by_run!E26),"") -> 6.8044103 | F7: =IFERROR(AVERAGE(OP1_by_run!I22,OP1_by_run!I23,OP1_by_run!I24,OP1_by_run!I25,OP1_by_run!I26),"") -> 0.3502302 | G7: =IFERROR(STDEV(OP1_by_run!I22,OP1_by_run!I23,OP1_by_run!I24,OP1_by_run!I25,OP1_by_run!I26),"") -> 0.055418678 | H7: =IFERROR(AVERAGE(OP1_by_run!J22,OP1_by_run!J23,OP1_by_run!J24,OP1_by_run!J25,OP1_by_run!J26),"") -> 4.4 | I7: =IFERROR(STDEV(OP1_by_run!J22,OP1_by_run!J23,OP1_by_run!J24,OP1_by_run!J25,OP1_by_run!J26),"") -> 6.503845 | J7: =COUNT(OP1_by_run!E22,OP1_by_run!E23,OP1_by_run!E24,OP1_by_run!E25,OP1_by_run!E26) -> 5
