Workbook

Sheet transition_obs
A1: scenario_id | B1: scenario | C1: occupancy_percent | D1: seed | E1: transition_n_bins | F1: first_transition_t | G1: transition_zones | H1: between_OP1_OP2
A2: A_100_seed1 | B2: A | C2: 100 | D2: 1 | E2: 423 | F2: 14 | G2: Z01 Z02 Z04 Z05 Z06 Z07 Z08 Z09 Z10 Z11 Z12 | H2: True
A3: A_100_seed2 | B3: A | C3: 100 | D3: 2 | E3: 339 | F3: 12 | G3: Z01 Z02 Z04 Z05 Z06 Z07 Z08 Z09 Z10 Z11 Z12 | H3: True
A4: A_100_seed3 | B4: A | C4: 100 | D4: 3 | E4: 272 | F4: 14 | G4: Z01 Z02 Z04 Z05 Z06 Z07 Z08 Z09 Z10 Z11 Z12 | H4: True
A5: A_100_seed4 | B5: A | C5: 100 | D5: 4 | E5: 8 | F5: 14 | G5: Z01 Z04 Z05 | H5: True
A6: A_100_seed5 | B6: A | C6: 100 | D6: 5 | E6: 341 | F6: 11 | G6: Z01 Z02 Z04 Z05 Z06 Z07 Z08 Z09 Z10 Z11 Z12 | H6: True
A7: A_50_seed1 | B7: A | C7: 50 | D7: 1 | E7: 202 | F7: 15 | G7: Z01 Z02 Z04 Z05 Z06 Z07 Z08 Z09 Z10 Z11 Z12 | H7: True
A8: A_50_seed2 | B8: A | C8: 50 | D8: 2 | E8: 178 | F8: 15 | G8: Z01 Z02 Z03 Z04 Z05 Z06 Z07 Z08 Z09 Z10 Z11 | H8: True
A9: A_50_seed3 | B9: A | C9: 50 | D9: 3 | E9: 212 | F9: 16 | G9: Z01 Z02 Z03 Z04 Z05 Z06 Z07 Z08 Z09 Z10 Z11 Z12 | H9: True
A10: A_50_seed4 | B10: A | C10: 50 | D10: 4 | E10: 374 | F10: 16 | G10: Z01 Z02 Z04 Z05 Z06 Z07 Z08 Z09 Z10 Z11 Z12 | H10: True
A11: A_50_seed5 | B11: A | C11: 50 | D11: 5 | E11: 265 | F11: 16 | G11: Z01 Z02 Z03 Z04 Z05 Z06 Z07 Z08 Z09 Z10 Z11 Z12 | H11: True
A12: A_75_seed1 | B12: A | C12: 75 | D12: 1 | E12: 190 | F12: 13 | G12: Z01 Z02 Z04 Z05 Z06 Z07 Z08 Z10 Z12 | H12: True
A13: A_75_seed2 | B13: A | C13: 75 | D13: 2 | E13: 285 | F13: 16 | G13: Z01 Z02 Z04 Z05 Z06 Z07 Z08 Z09 Z10 Z11 Z12 | H13: True
... A31: B_75_seed5 | B31: B | C31: 75 | D31: 5 | E31: 336 | F31: 32 | G31: Z01 Z02 Z04 Z05 Z06 Z07 Z08 Z09 Z10 Z11 Z12 | H31: True

Sheet condition_summary
A1: scenario | B1: occupancy_percent | C1: n_runs | D1: transition_n_bins_mean | E1: transition_n_bins_std | F1: first_transition_t_mean | G1: first_transition_t_std
A2: A | B2: 100 | C2: 5 | D2: =IFERROR(AVERAGE(transition_obs!E2,transition_obs!E3,transition_obs!E4,transition_obs!E5,transition_obs!E6),"") | E2: =IFERROR(STDEV(transition_obs!E2,transition_obs!E3,transition_obs!E4,transition_obs!E5,transition_obs!E6),"") | F2: =IFERROR(AVERAGE(transition_obs!F2,transition_obs!F3,transition_obs!F4,transition_obs!F5,transition_obs!F6),"") | G2: =IFERROR(STDEV(transition_obs!F2,transition_obs!F3,transition_obs!F4,transition_obs!F5,transition_obs!F6),"")
A3: A | B3: 75 | C3: 5 | D3: =IFERROR(AVERAGE(transition_obs!E12,transition_obs!E13,transition_obs!E14,transition_obs!E15,transition_obs!E16),"") | E3: =IFERROR(STDEV(transition_obs!E12,transition_obs!E13,transition_obs!E14,transition_obs!E15,transition_obs!E16),"") | F3: =IFERROR(AVERAGE(transition_obs!F12,transition_obs!F13,transition_obs!F14,transition_obs!F15,transition_obs!F16),"") | G3: =IFERROR(STDEV(transition_obs!F12,transition_obs!F13,transition_obs!F14,transition_obs!F15,transition_obs!F16),"")
A4: A | B4: 50 | C4: 5 | D4: =IFERROR(AVERAGE(transition_obs!E7,transition_obs!E8,transition_obs!E9,transition_obs!E10,transition_obs!E11),"") | E4: =IFERROR(STDEV(transition_obs!E7,transition_obs!E8,transition_obs!E9,transition_obs!E10,transition_obs!E11),"") | F4: =IFERROR(AVERAGE(transition_obs!F7,transition_obs!F8,transition_obs!F9,transition_obs!F10,transition_obs!F11),"") | G4: =IFERROR(STDEV(transition_obs!F7,transition_obs!F8,transition_obs!F9,transition_obs!F10,transition_obs!F11),"")
A5: B | B5: 100 | C5: 5 | D5: =IFERROR(AVERAGE(transition_obs!E17,transition_obs!E18,transition_obs!E19,transition_obs!E20,transition_obs!E21),"") | E5: =IFERROR(STDEV(transition_obs!E17,transition_obs!E18,transition_obs!E19,transition_obs!E20,transition_obs!E21),"") | F5: =IFERROR(AVERAGE(transition_obs!F17,transition_obs!F18,transition_obs!F19,transition_obs!F20,transition_obs!F21),"") | G5: =IFERROR(STDEV(transition_obs!F17,transition_obs!F18,transition_obs!F19,transition_obs!F20,transition_obs!F21),"")
A6: B | B6: 75 | C6: 5 | D6: =IFERROR(AVERAGE(transition_obs!E27,transition_obs!E28,transition_obs!E29,transition_obs!E30,transition_obs!E31),"") | E6: =IFERROR(STDEV(transition_obs!E27,transition_obs!E28,transition_obs!E29,transition_obs!E30,transition_obs!E31),"") | F6: =IFERROR(AVERAGE(transition_obs!F27,transition_obs!F28,transition_obs!F29,transition_obs!F30,transition_obs!F31),"") | G6: =IFERROR(STDEV(transition_obs!F27,transition_obs!F28,transition_obs!F29,transition_obs!F30,transition_obs!F31),"")
A7: B | B7: 50 | C7: 5 | D7: =IFERROR(AVERAGE(transition_obs!E22,transition_obs!E23,transition_obs!E24,transition_obs!E25,transition_obs!E26),"") | E7: =IFERROR(STDEV(transition_obs!E22,transition_obs!E23,transition_obs!E24,transition_obs!E25,transition_obs!E26),"") | F7: =IFERROR(AVERAGE(transition_obs!F22,transition_obs!F23,transition_obs!F24,transition_obs!F25,transition_obs!F26),"") | G7: =IFERROR(STDEV(transition_obs!F22,transition_obs!F23,transition_obs!F24,transition_obs!F25,transition_obs!F26),"")
