Workbook

Sheet OP2_by_run
A1: scenario_id | B1: scenario | C1: occupancy_percent | D1: seed | E1: t_OP2 | F1: OP2_zone | G1: delta_q_max | H1: OP2_duration_bins
A2: A_100_seed1 | B2: A | C2: 100 | D2: 1 | E2: 119 | F2: Z12 | G2: 1 | H2: 262
A3: A_100_seed2 | B3: A | C3: 100 | D3: 2 | E3: 105 | F3: Z11 | G3: 2 | H3: 26
A4: A_100_seed3 | B4: A | C4: 100 | D4: 3 | E4: 95 | F4: Z11 | G4: 1 | H4: 7
A5: A_100_seed4 | B5: A | C5: 100 | D5: 4 | E5: 17 | F5: Z04 | G5: 4 | H5: 9
A6: A_100_seed5 | B6: A | C6: 100 | D6: 5 | E6: 108 | F6: Z08 | G6: 1 | H6: 322
A7: A_50_seed1 | B7: A | C7: 50 | D7: 1 | E7: 77 | F7: Z10 | G7: 1 | H7: 67
A8: A_50_seed2 | B8: A | C8: 50 | D8: 2 | E8: 76 | F8: Z10 | G8: 1 | H8: 65
A9: A_50_seed3 | B9: A | C9: 50 | D9: 3 | E9: 85 | F9: Z10 | G9: 1 | H9: 57
A10: A_50_seed4 | B10: A | C10: 50 | D10: 4 | E10: 136 | F10: Z11 | G10: 1 | H10: 56
A11: A_50_seed5 | B11: A | C11: 50 | D11: 5 | E11: 93 | F11: Z10 | G11: 1 | H11: 65
A12: A_75_seed1 | B12: A | C12: 75 | D12: 1 | E12: 81 | F12: Z10 | G12: 1 | H12: 89
A13: A_75_seed2 | B13: A | C13: 75 | D13: 2 | E13: 92 | F13: Z11 | G13: 0 | H13: 5
... A31: B_75_seed5 | B31: B | C31: 75 | D31: 5 | E31: 131 | F31: Z09 | G31: 2 | H31: 7

Sheet condition_summary
A1: scenario | B1: occupancy_percent | C1: n_runs | D1: t_OP2_mean | E1: t_OP2_std | F1: delta_q_max_mean | G1: delta_q_max_std | H1: OP2_duration_bins_mean | I1: OP2_duration_bins_std | J1: n_detected
A2: A | B2: 100 | C2: 5 | D2: =IFERROR(AVERAGE(OP2_by_run!E2,OP2_by_run!E3,OP2_by_run!E4,OP2_by_run!E5,OP2_by_run!E6),"") -> 88.8 | E2: =IFERROR(STDEV(OP2_by_run!E2,OP2_by_run!E3,OP2_by_run!E4,OP2_by_run!E5,OP2_by_run!E6),"") -> 41.039006 | F2: =IFERROR(AVERAGE(OP2_by_run!G2,OP2_by_run!G3,OP2_by_run!G4,OP2_by_run!G5,OP2_by_run!G6),"") -> 1.8 | G2: =IFERROR(STDEV(OP2_by_run!G2,OP2_by_run!G3,OP2_by_run!G4,OP2_by_run!G5,OP2_by_run!G6),"") -> 1.3038405 | H2: =IFERROR(AVERAGE(OP2_by_run!H2,OP2_by_run!H3,OP2_by_run!H4,OP2_by_run!H5,OP2_by_run!H6),"") -> 125.2 | I2: =IFERROR(STDEV(OP2_by_run!H2,OP2_by_run!H3,OP2_by_run!H4,OP2_by_run!H5,OP2_by_run!H6),"") -> 153.91459 | J2: =COUNT(OP2_by_run!E2,OP2_by_run!E3,OP2_by_run!E4,OP2_by_run!E5,OP2_by_run!E6) -> 5
A3: A | B3: 75 | C3: 5 | D3: =IFERROR(AVERAGE(OP2_by_run!E12,OP2_by_run!E13,OP2_by_run!E14,OP2_by_run!E15,OP2_by_run!E16),"") -> 92.8 | E3: =IFERROR(STDEV(OP2_by_run!E12,OP2_by_run!E13,OP2_by_run!E14,OP2_by_run!E15,OP2_by_run!E16),"") -> 13.274035 | F3: =IFERROR(AVERAGE(OP2_by_run!G12,OP2_by_run!G13,OP2_by_run!G14,OP2_by_run!G15,OP2_by_run!G16),"") -> 1 | G3: =IFERROR(STDEV(OP2_by_run!G12,OP2_by_run!G13,OP2_by_run!G14,OP2_by_run!G15,OP2_by_run!G16),"") -> 0.70710678 | H3: =IFERROR(AVERAGE(OP2_by_run!H12,OP2_by_run!H13,OP2_by_run!H14,OP2_by_run!H15,OP2_by_run!H16),"") -> 38.6 | I3: =IFERROR(STDEV(OP2_by_run!H12,OP2_by_run!H13,OP2_by_run!H14,OP2_by_run!H15,OP2_by_run!H16),"") -> 36.094321 | J3: =COUNT(OP2_by_run!E12,OP2_by_run!E13,OP2_by_run!E14,OP2_by_run!E15,OP2_by_run!E16) -> 5
A4: A | B4: 50 | C4: 5 | D4: =IFERROR(AVERAGE(OP2_by_run!E7,OP2_by_run!E8,OP2_by_run!E9,OP2_by_run!E10,OP2_by_run!E11),"") -> 93.4 | E4: =IFERROR(STDEV(OP2_by_run!E7,OP2_by_run!E8,OP2_by_run!E9,OP2_by_run!E10,OP2_by_run!E11),"") -> 24.785076 | F4: =IFERROR(AVERAGE(OP2_by_run!G7,OP2_by_run!G8,OP2_by_run!G9,OP2_by_run!G10,OP2_by_run!G11),"") -> 1 | G4: =IFERROR(STDEV(OP2_by_run!G7,OP2_by_run!G8,OP2_by_run!G9,OP2_by_run!G10,OP2_by_run!G11),"") -> 0 | H4: =IFERROR(AVERAGE(OP2_by_run!H7,OP2_by_run!H8,OP2_by_run!H9,OP2_by_run!H10,OP2_by_run!H11),"") -> 62 | I4: =IFERROR(STDEV(OP2_by_run!H7,OP2_by_run!H8,OP2_by_run!H9,OP2_by_run!H10,OP2_by_run!H11),"") -> 5.0990195 | J4: =COUNT(OP2_by_run!E7,OP2_by_run!E8,OP2_by_run!E9,OP2_by_run!E10,OP2_by_run!E11) -> 5
A5: B | B5: 100 | C5: 5 | D5: =IFERROR(AVERAGE(OP2_by_run!E17,OP2_by_run!E18,OP2_by_run!E19,OP2_by_run!E20,OP2_by_run!E21),"") -> 121.8 | E5: =IFERROR(STDEV(OP2_by_run!E17,OP2_by_run!E18,OP2_by_run!E19,OP2_by_run!E20,OP2_by_run!E21),"") -> 33.581245 | F5: =IFERROR(AVERAGE(OP2_by_run!G17,OP2_by_run!G18,OP2_by_run!G19,OP2_by_run!G20,OP2_by_run!G21),"") -> 1 | G5: =IFERROR(STDEV(OP2_by_run!G17,OP2_by_run!G18,OP2_by_run!G19,OP2_by_run!G20,OP2_by_run!G21),"") -> 0.70710678 | H5: =IFERROR(AVERAGE(OP2_by_run!H17,OP2_by_run!H18,OP2_by_run!H19,OP2_by_run!H20,OP2_by_run!H21),"") -> 28 | I5: =IFERROR(STDEV(OP2_by_run!H17,OP2_by_run!H18,OP2_by_run!H19,OP2_by_run!H20,OP2_by_run!H21),"") -> 52.028838 | J5: =COUNT(OP2_by_run!E17,OP2_by_run!E18,OP2_by_run!E19,OP2_by_run!E20,OP2_by_run!E21) -> 5
A6: B | B6: 75 | C6: 5 | D6: =IFERROR(AVERAGE(OP2_by_run!E27,OP2_by_run!E28,OP2_by_run!E29,OP2_by_run!E30,OP2_by_run!E31),"") -> 117 | E6: =IFERROR(STDEV(OP2_by_run!E27,OP2_by_run!E28,OP2_by_run!E29,OP2_by_run!E30,OP2_by_run!E31),"") -> 9.5131488 | F6: =IFERROR(AVERAGE(OP2_by_run!G27,OP2_by_run!G28,OP2_by_run!G29,OP2_by_run!G30,OP2_by_run!G31),"") -> 1.2 | G6: =IFERROR(STDEV(OP2_by_run!G27,OP2_by_run!G28,OP2_by_run!G29,OP2_by_run!G30,OP2_by_run!G31),"") -> 0.83666003 | H6: =IFERROR(AVERAGE(OP2_by_run!H27,OP2_by_run!H28,OP2_by_run!H29,OP2_by_run!H30,OP2_by_run!H31),"") -> 39.2 | I6: =IFERROR(STDEV(OP2_by_run!H27,OP2_by_run!H28,OP2_by_run!H29,OP2_by_run!H30,OP2_by_run!H31),"") -> 42.833398 | J6: =COUNT(OP2_by_run!E27,OP2_by_run!E28,OP2_by_run!E29,OP2_by_run!E30,OP2_by_run!E31) -> 5
A7: B | B7: 50 | C7: 5 | D7: =IFERROR(AVERAGE(OP2_by_run!E22,OP2_by_run!E23,OP2_by_run!E24,OP2_by_run!E25,OP2_by_run!E26),"") -> 127 | E7: =IFERROR(STDEV(OP2_by_run!E22,OP2_by_run!E23,OP2_by_run!E24,OP2_by_run!E25,OP2_by_run!E26),"") -> 11.157957 | F7: =IFERROR(AVERAGE(OP2_by_run!G22,OP2_by_run!G23,OP2_by_run!G24,OP2_by_run!G25,OP2_by_run!G26),"") -> 1.2 | G7: =IFERROR(STDEV(OP2_by_run!G22,OP2_by_run!G23,OP2_by_run!G24,OP2_by_run!G25,OP2_by_run!G26),"") -> 0.4472136 | H7: =IFERROR(AVERAGE(OP2_by_run!H22,OP2_by_run!H23,OP2_by_run!H24,OP2_by_run!H25,OP2_by_run!H26),"") -> 47.6 | I7: =IFERROR(STDEV(OP2_by_run!H22,OP2_by_run!H23,OP2_by_run!H24,OP2_by_run!H25,OP2_by_run!H26),"") -> 25.851499 | J7: =COUNT(OP2_by_run!E22,OP2_by_run!E23,OP2_by_run!E24,OP2_by_run!E25,OP2_by_run!E26) -> 5
