Workbook

Sheet transition_by_run
A1: scenario_id | B1: scenario | C1: occupancy_percent | D1: seed | E1: t_OP1 | F1: OP1_zone | G1: t_OP2 | H1: OP2_zone | I1: delta_t_OP1_OP2 | J1: interpretation
A2: A_100_seed1 | B2: A | C2: 100 | D2: 1 | E2: 13 | F2: Z01 | G2: 119 | H2: Z12 | I2: 106 | J2: OP1→OP2 전이 검출
A3: A_100_seed2 | B3: A | C3: 100 | D3: 2 | E3: 11 | F3: Z04 | G3: 105 | H3: Z11 | I3: 94 | J3: OP1→OP2 전이 검출
A4: A_100_seed3 | B4: A | C4: 100 | D4: 3 | E4: 11 | F4: Z04 | G4: 95 | H4: Z11 | I4: 84 | J4: OP1→OP2 전이 검출
A5: A_100_seed4 | B5: A | C5: 100 | D5: 4 | E5: 13 | F5: Z05 | G5: 17 | H5: Z04 | I5: 4 | J5: OP1→OP2 전이 검출
A6: A_100_seed5 | B6: A | C6: 100 | D6: 5 | E6: 10 | F6: Z07 | G6: 108 | H6: Z08 | I6: 98 | J6: OP1→OP2 전이 검출
A7: A_50_seed1 | B7: A | C7: 50 | D7: 1 | E7: 14 | F7: Z07 | G7: 77 | H7: Z10 | I7: 63 | J7: OP1→OP2 전이 검출
A8: A_50_seed2 | B8: A | C8: 50 | D8: 2 | E8: 14 | F8: Z07 | G8: 76 | H8: Z10 | I8: 62 | J8: OP1→OP2 전이 검출
A9: A_50_seed3 | B9: A | C9: 50 | D9: 3 | E9: 12 | F9: Z05 | G9: 85 | H9: Z10 | I9: 73 | J9: OP1→OP2 전이 검출
A10: A_50_seed4 | B10: A | C10: 50 | D10: 4 | E10: 15 | F10: Z04 | G10: 136 | H10: Z11 | I10: 121 | J10: OP1→OP2 전이 검출
A11: A_50_seed5 | B11: A | C11: 50 | D11: 5 | E11: 15 | F11: Z04 | G11: 93 | H11: Z10 | I11: 78 | J11: OP1→OP2 전이 검출
A12: A_75_seed1 | B12: A | C12: 75 | D12: 1 | E12: 12 | F12: Z07 | G12: 81 | H12: Z10 | I12: 69 | J12: OP1→OP2 전이 검출
A13: A_75_seed2 | B13: A | C13: 75 | D13: 2 | E13: 11 | F13: Z07 | G13: 92 | H13: Z11 | I13: 81 | J13: OP1→OP2 전이 검출
... A31: B_75_seed5 | B31: B | C31: 75 | D31: 5 | E31: 31 | F31: Z07 | G31: 131 | H31: Z09 | I31: 100 | J31: OP1→OP2 전이 검출

Sheet overall_summary
A1: scenario_id | B1: scenario | C1: occupancy_percent | D1: seed | E1: analysis_interval_s | F1: data_source | G1: total_evacuation_time_s | H1: OP1_detected | I1: t_OP1 | J1: OP2_detected | K1: t_OP2 | L1: delta_t_OP1_OP2 | M1: transition_n_bins
A2: A_100_seed1 | B2: A | C2: 100 | D2: 1 | E2: 1 | F2: fcd | G2: 582 | H2: True | I2: 13 | J2: True | K2: 119 | L2: 106 | M2: 423
A3: A_100_seed2 | B3: A | C3: 100 | D3: 2 | E3: 1 | F3: fcd | G3: 347 | H3: True | I3: 11 | J3: True | K3: 105 | L3: 94 | M3: 339
A4: A_100_seed3 | B4: A | C4: 100 | D4: 3 | E4: 1 | F4: fcd | G4: 339 | H4: True | I4: 11 | J4: True | K4: 95 | L4: 84 | M4: 272
A5: A_100_seed4 | B5: A | C5: 100 | D5: 4 | E5: 1 | F5: fcd | G5: 624 | H5: True | I5: 13 | J5: True | K5: 17 | L5: 4 | M5: 8
A6: A_100_seed5 | B6: A | C6: 100 | D6: 5 | E6: 1 | F6: fcd | G6: 597 | H6: True | I6: 10 | J6: True | K6: 108 | L6: 98 | M6: 341
A7: A_50_seed1 | B7: A | C7: 50 | D7: 1 | E7: 1 | F7: fcd | G7: 310 | H7: True | I7: 14 | J7: True | K7: 77 | L7: 63 | M7: 202
A8: A_50_seed2 | B8: A | C8: 50 | D8: 2 | E8: 1 | F8: fcd | G8: 291 | H8: True | I8: 14 | J8: True | K8: 76 | L8: 62 | M8: 178
A9: A_50_seed3 | B9: A | C9: 50 | D9: 3 | E9: 1 | F9: fcd | G9: 293 | H9: True | I9: 12 | J9: True | K9: 85 | L9: 73 | M9: 212
A10: A_50_seed4 | B10: A | C10: 50 | D10: 4 | E10: 1 | F10: fcd | G10: 277 | H10: True | I10: 15 | J10: True | K10: 136 | L10: 121 | M10: 374
A11: A_50_seed5 | B11: A | C11: 50 | D11: 5 | E11: 1 | F11: fcd | G11: 285 | H11: True | I11: 15 | J11: True | K11: 93 | L11: 78 | M11: 265
A12: A_75_seed1 | B12: A | C12: 75 | D12: 1 | E12: 1 | F12: fcd | G12: 295 | H12: True | I12: 12 | J12: True | K12: 81 | L12: 69 | M12: 190
A13: A_75_seed2 | B13: A | C13: 75 | D13: 2 | E13: 1 | F13: fcd | G13: 308 | H13: True | I13: 11 | J13: True | K13: 92 | L13: 81 | M13: 285
... A31: B_75_seed5 | B31: B | C31: 75 | D31: 5 | E31: 1 | F31: fcd | G31: 340 | H31: True | I31: 31 | J31: True | K31: 131 | L31: 100 | M31: 336

Sheet condition_summary
A1: scenario | B1: occupancy_percent | C1: n_runs | D1: delta_t_OP1_OP2_mean | E1: delta_t_OP1_OP2_std | F1: evac_mean | G1: evac_std
A2: A | B2: 100 | C2: 5 | D2: =IFERROR(AVERAGE(transition_by_run!I2,transition_by_run!I3,transition_by_run!I4,transition_by_run!I5,transition_by_run!I6),"") -> 77.2 | E2: =IFERROR(STDEV(transition_by_run!I2,transition_by_run!I3,transition_by_run!I4,transition_by_run!I5,transition_by_run!I6),"") -> 41.679731 | F2: =IFERROR(AVERAGE(overall_summary!G2,overall_summary!G3,overall_summary!G4,overall_summary!G5,overall_summary!G6),"") -> 497.8 | G2: =IFERROR(STDEV(overall_summary!G2,overall_summary!G3,overall_summary!G4,overall_summary!G5,overall_summary!G6),"") -> 142.13972
A3: A | B3: 75 | C3: 5 | D3: =IFERROR(AVERAGE(transition_by_run!I12,transition_by_run!I13,transition_by_run!I14,transition_by_run!I15,transition_by_run!I16),"") -> 81.6 | E3: =IFERROR(STDEV(transition_by_run!I12,transition_by_run!I13,transition_by_run!I14,transition_by_run!I15,transition_by_run!I16),"") -> 13.221195 | F3: =IFERROR(AVERAGE(overall_summary!G12,overall_summary!G13,overall_summary!G14,overall_summary!G15,overall_summary!G16),"") -> 306.8 | G3: =IFERROR(STDEV(overall_summary!G12,overall_summary!G13,overall_summary!G14,overall_summary!G15,overall_summary!G16),"") -> 9.8336158
A4: A | B4: 50 | C4: 5 | D4: =IFERROR(AVERAGE(transition_by_run!I7,transition_by_run!I8,transition_by_run!I9,transition_by_run!I10,transition_by_run!I11),"") -> 79.4 | E4: =IFERROR(STDEV(transition_by_run!I7,transition_by_run!I8,transition_by_run!I9,transition_by_run!I10,transition_by_run!I11),"") -> 24.213633 | F4: =IFERROR(AVERAGE(overall_summary!G7,overall_summary!G8,overall_summary!G9,overall_summary!G10,overall_summary!G11),"") -> 291.2 | G4: =IFERROR(STDEV(overall_summary!G7,overall_summary!G8,overall_summary!G9,overall_summary!G10,overall_summary!G11),"") -> 12.214745
A5: B | B5: 100 | C5: 5 | D5: =IFERROR(AVERAGE(transition_by_run!I17,transition_by_run!I18,transition_by_run!I19,transition_by_run!I20,transition_by_run!I21),"") -> 88 | E5: =IFERROR(STDEV(transition_by_run!I17,transition_by_run!I18,transition_by_run!I19,transition_by_run!I20,transition_by_run!I21),"") -> 33.196385 | F5: =IFERROR(AVERAGE(overall_summary!G17,overall_summary!G18,overall_summary!G19,overall_summary!G20,overall_summary!G21),"") -> 480.6 | G5: =IFERROR(STDEV(overall_summary!G17,overall_summary!G18,overall_summary!G19,overall_summary!G20,overall_summary!G21),"") -> 130.43696
A6: B | B6: 75 | C6: 5 | D6: =IFERROR(AVERAGE(transition_by_run!I27,transition_by_run!I28,transition_by_run!I29,transition_by_run!I30,transition_by_run!I31),"") -> 84.6 | E6: =IFERROR(STDEV(transition_by_run!I27,transition_by_run!I28,transition_by_run!I29,transition_by_run!I30,transition_by_run!I31),"") -> 8.7920419 | F6: =IFERROR(AVERAGE(overall_summary!G27,overall_summary!G28,overall_summary!G29,overall_summary!G30,overall_summary!G31),"") -> 343.2 | G6: =IFERROR(STDEV(overall_summary!G27,overall_summary!G28,overall_summary!G29,overall_summary!G30,overall_summary!G31),"") -> 16.724234
A7: B | B7: 50 | C7: 5 | D7: =IFERROR(AVERAGE(transition_by_run!I22,transition_by_run!I23,transition_by_run!I24,transition_by_run!I25,transition_by_run!I26),"") -> 90.4 | E7: =IFERROR(STDEV(transition_by_run!I22,transition_by_run!I23,transition_by_run!I24,transition_by_run!I25,transition_by_run!I26),"") -> 12.895736 | F7: =IFERROR(AVERAGE(overall_summary!G22,overall_summary!G23,overall_summary!G24,overall_summary!G25,overall_summary!G26),"") -> 326.8 | G7: =IFERROR(STDEV(overall_summary!G22,overall_summary!G23,overall_summary!G24,overall_summary!G25,overall_summary!G26),"") -> 14.788509
